{"cameraMode":{"drawMode":0,"name":"Shaded","section":"Shading Mode"},"sceneLighting":true,"audioPlay":false,"sceneViewState":{"m_AlwaysRefresh":false,"showFog":true,"showSkybox":false,"showFlares":true,"showImageEffects":true,"showParticleSystems":true,"showVisualEffectGraphs":true,"m_FxEnabled":true},"in2DMode":false,"pivot":{"x":-2.2809274196624758,"y":1.0219521522521973,"z":0.38112980127334597},"rotation":{"x":-0.012974380515515805,"y":-0.9386864304542542,"z":0.03550427034497261,"w":-0.34274739027023318},"size":1.1383403539657593,"orthographic":false}